[
  {
    "id": 1,
    "rate": "3,5",
    "img": "white-collar.png",
    "author": "Фёрт А.",
    "title": "Белый воротник",
    "count_page": "208",
    "type": "new",
    "discr": "Автор собрал в книге все свои знания о мужском стиле. Как всегда выглядеть «‎с иголочки»"
  },
  {
    "id": 2,
    "rate": "4,8",
    "img": "orange-sunset.png",
    "author": "Рид Ч.",
    "title": "Апельсиновый закат",
    "count_page": "576",
    "type": "new",
    "discr": "История о небольшом японском городке, затерянном в лучах яркого солнца"
  },
  {
    "id": 3,
    "rate": "3,9",
    "img": "sea-of​-desires.png",
    "author": "Беляев И.",
    "title": "Море желаний",
    "count_page": "608",
    "type": "new",
    "discr": "Книга учит мечтать и исполнять. Находите счастье в мелочах и делитесь им со всеми"
  },
  {
    "id": 4,
    "rate": "4.1",
    "img": "twig.png",
    "author": "Маунт П.",
    "title": "Веточка смородины",
    "count_page": "170",
    "type": "new",
    "discr": "История подростковой любви и дружбы, знакомая каждому не понаслышке"
  },
  {
    "id": 5,
    "rate": "5.0",
    "img": "black-sparrow.png",
    "author": "Боуи А.",
    "title": "Черный воробей",
    "count_page": "416",
    "type": "best",
    "discr": "Загадочный детектив с продуманным сюжетом и неожиданным финалом"
  },
  {
    "id": 6,
    "rate": "4.9",
    "img": "way-to-the-top.png",
    "author": "Агава Ю.",
    "title": "Путь к вершине",
    "count_page": "520",
    "type": "best",
    "discr": "Путешествие длиною в жизнь. Как найти верный путь, если кажется, что всё безнадёжно"
  },
  {
    "id": 7,
    "rate": "4.8",
    "img": "golden-arch.png",
    "author": "Холтер К.",
    "title": "Золотая арка",
    "count_page": "416",
    "type": "best",
    "discr": "Мировой психологический бестселлер. Как найти себя в обществе"
  },
  {
    "id": 8,
    "rate": "4.7",
    "img": "Elizabeth.png",
    "author": "Кеган О.",
    "title": "Элизабет",
    "count_page": "288",
    "type": "best",
    "discr": "Реальная история сильной женщины, покорившей весь мир своей харизмой"
  }
]
